{"last_download_success": 1633700738.6823025, "unseen_downloads": ["/home/dong/.config/variety/Downloaded/Bing/OHR.FriendlyOctopus_ZH-CN2519447724_1920x1080.jpg"], "last_download_failure": 1633712431.395811}